Month,Year,Title,ImgURL
1,2006,Barrel - Part 1,https://imgs.xkcd.com/comics/barrel_cropped_(1).jpg
1,2006,Petit Trees (sketch),https://imgs.xkcd.com/comics/tree_cropped_(1).jpg
1,2006,Island (sketch),https://imgs.xkcd.com/comics/island_color.jpg
1,2006,Landscape (sketch),https://imgs.xkcd.com/comics/landscape_cropped_(1).jpg
1,2006,Blown apart,https://imgs.xkcd.com/comics/blownapart_color.jpg
1,2006,Irony,https://imgs.xkcd.com/comics/irony_color.jpg
1,2006,Girl sleeping (Sketch -- 11th grade Spanish class),https://imgs.xkcd.com/comics/girl_sleeping_noline_(1).jpg
1,2006,Red spiders,https://imgs.xkcd.com/comics/red_spiders_small.jpg
1,2006,Serenity is coming out tomorrow,https://imgs.xkcd.com/comics/firefly.jpg
1,2006,Pi Equals,https://imgs.xkcd.com/comics/pi.jpg
1,2006,Barrel - Part 2,https://imgs.xkcd.com/comics/barrel_mommies.jpg
1,2006,Poisson,https://imgs.xkcd.com/comics/poisson.jpg
1,2006,Canyon,https://imgs.xkcd.com/comics/canyon_small.jpg
1,2006,Copyright,https://imgs.xkcd.com/comics/copyright.jpg
1,2006,Just Alerting You,https://imgs.xkcd.com/comics/just_alerting_you.jpg
1,2006,Monty Python -- Enough,https://imgs.xkcd.com/comics/monty_python.jpg
1,2006,What If,https://imgs.xkcd.com/comics/what_if.jpg
1,2006,Snapple,https://imgs.xkcd.com/comics/snapple.jpg
1,2006,George Clinton,https://imgs.xkcd.com/comics/george_clinton.jpg
1,2006,Ferret,https://imgs.xkcd.com/comics/ferret.jpg
1,2006,Kepler,https://imgs.xkcd.com/comics/kepler.jpg
1,2006,Barrel - Part 3,https://imgs.xkcd.com/comics/barrel_whirlpool.jpg
1,2006,T-shirts,https://imgs.xkcd.com/comics/t-shirts.jpg
1,2006,"Godel, Escher, Kurt Halsey",https://imgs.xkcd.com/comics/godel_escher_kurthalsey.jpg
1,2006,Barrel - Part 4,https://imgs.xkcd.com/comics/barrel_part_4.jpg
1,2006,Fourier,https://imgs.xkcd.com/comics/fourier.jpg
1,2006,Meat Cereals,https://imgs.xkcd.com/comics/meat_cereals.jpg
1,2006,Elefino,https://imgs.xkcd.com/comics/elefino.jpg
1,2006,Hitler,https://imgs.xkcd.com/comics/hitler.jpg
1,2006,Donner,https://imgs.xkcd.com/comics/donner.jpg
1,2006,Barrel - Part 5,https://imgs.xkcd.com/comics/barrel_part_5.jpg
1,2006,Pillar,https://imgs.xkcd.com/comics/pillar.jpg
1,2006,Self-reference,https://imgs.xkcd.com/comics/self-reference.jpg
1,2006,Flowers,https://imgs.xkcd.com/comics/flowers.jpg
1,2006,Sheep,https://imgs.xkcd.com/comics/sheep.jpg
1,2006,Scientists,https://imgs.xkcd.com/comics/scientists.jpg
1,2006,Hyphen,https://imgs.xkcd.com/comics/hyphen.jpg
1,2006,Apple Jacks,https://imgs.xkcd.com/comics/apple_jacks.jpg
1,2006,Bowl,https://imgs.xkcd.com/comics/bowl.jpg
1,2006,Light,https://imgs.xkcd.com/comics/light.jpg
1,2006,Old Drawing,https://imgs.xkcd.com/comics/unspeakable_pun.jpg
1,2006,Geico,https://imgs.xkcd.com/comics/geico.jpg
1,2006,Red Spiders 2,https://imgs.xkcd.com/comics/red_spiders_2.jpg
1,2006,Love,https://imgs.xkcd.com/comics/love.jpg
1,2006,Schrodinger,https://imgs.xkcd.com/comics/schrodinger.jpg
1,2006,Secrets,https://imgs.xkcd.com/comics/secrets.jpg
1,2006,Counter-Red Spiders,https://imgs.xkcd.com/comics/counter-red-spiders.jpg
1,2006,Found,https://imgs.xkcd.com/comics/found.jpg
1,2006,Want,https://imgs.xkcd.com/comics/want.jpg
1,2006,Penny Arcade,https://imgs.xkcd.com/comics/penny_arcade.jpg
1,2006,Malaria,https://imgs.xkcd.com/comics/malaria.jpg
1,2006,Secret Worlds,https://imgs.xkcd.com/comics/secret_worlds.jpg
1,2006,Hobby,https://imgs.xkcd.com/comics/hobby.jpg
1,2006,Science,https://imgs.xkcd.com/comics/science.jpg
1,2006,Useless,https://imgs.xkcd.com/comics/useless.jpg
1,2006,The Cure,https://imgs.xkcd.com/comics/the_cure.jpg
1,2006,Wait For Me,https://imgs.xkcd.com/comics/wait_for_me.jpg
2,2006,Why Do You Love Me?,https://imgs.xkcd.com/comics/why_do_you_love_me.jpg
2,2006,Graduation,https://imgs.xkcd.com/comics/graduation.jpg
2,2006,Super Bowl,https://imgs.xkcd.com/comics/super_bowl.jpg
2,2006,Stacey's Dad,https://imgs.xkcd.com/comics/staceys_dad.jpg
2,2006,Valentine - Karnaugh,https://imgs.xkcd.com/comics/karnaugh.jpg
2,2006,Valentine - Heart,https://imgs.xkcd.com/comics/valentine.jpg
2,2006,Solar Plexus,https://imgs.xkcd.com/comics/solar_plexus.jpg
2,2006,Banter,https://imgs.xkcd.com/comics/banter.jpg
2,2006,Abusive Astronomy,https://imgs.xkcd.com/comics/abusive_astronomy.jpg
2,2006,Nerd Girls,https://imgs.xkcd.com/comics/nerd_girls.jpg
2,2006,Five Thirty,https://imgs.xkcd.com/comics/five_thirty.jpg
2,2006,Pillow Talk,https://imgs.xkcd.com/comics/pillow_talk.jpg
3,2006,Guitar Hero,https://imgs.xkcd.com/comics/guitar_hero.jpg
3,2006,In the Trees,https://imgs.xkcd.com/comics/in_the_trees.jpg
3,2006,Classhole,https://imgs.xkcd.com/comics/classhole.jpg
3,2006,Zeppelin,https://imgs.xkcd.com/comics/zeppelin.jpg
3,2006,Su Doku,https://imgs.xkcd.com/comics/su_doku.jpg
3,2006,Curse Levels,https://imgs.xkcd.com/comics/curse_levels.jpg
3,2006,Familiar,https://imgs.xkcd.com/comics/familiar.jpg
3,2006,Bored with the Internet,https://imgs.xkcd.com/comics/bored_with_the_internet.jpg
3,2006,Garfield,https://imgs.xkcd.com/comics/garfield.jpg
3,2006,Iambic Pentameter,https://imgs.xkcd.com/comics/iambic_pentameter.jpg
3,2006,My Other Car,https://imgs.xkcd.com/comics/other_car.jpg
3,2006,"Attention, shopper",https://imgs.xkcd.com/comics/attention_shopper.jpg
3,2006,Frame,https://imgs.xkcd.com/comics/frame.jpg
3,2006,Katamari,https://imgs.xkcd.com/comics/katamari.jpg
4,2006,National Language,https://imgs.xkcd.com/comics/national_language.jpg
4,2006,Paths,https://imgs.xkcd.com/comics/paths.jpg
4,2006,Digital Rights Management,https://imgs.xkcd.com/comics/sony_microsoft_mpaa_riaa_apple.jpg
4,2006,Velociraptors,https://imgs.xkcd.com/comics/velociraptors.jpg
4,2006,Escher Bracelet,https://imgs.xkcd.com/comics/escher_wristband.jpg
4,2006,Gravitational Mass,https://imgs.xkcd.com/comics/gravitational_mass.jpg
4,2006,Jacket,https://imgs.xkcd.com/comics/jacket.jpg
4,2006,Pwned,https://imgs.xkcd.com/comics/pwned.png
4,2006,Sunrise,https://imgs.xkcd.com/comics/sunrise.jpg
4,2006,Jeremy Irons,https://imgs.xkcd.com/comics/jeremy_irons.jpg
4,2006,Profile Creation Flowchart,https://imgs.xkcd.com/comics/profile_flowchart.jpg
4,2006,The Sierpinski Penis Game,https://imgs.xkcd.com/comics/the_sierpinski_penis_game.jpg
5,2006,Mail,https://imgs.xkcd.com/comics/mail.png
5,2006,A Simple Plan,https://imgs.xkcd.com/comics/a_simple_plan.jpg
5,2006,Fall Apart,https://imgs.xkcd.com/comics/fall_apart.jpg
5,2006,Binary Heart,https://imgs.xkcd.com/comics/binary_heart.jpg
5,2006,Family Circus,https://imgs.xkcd.com/comics/family_circus.jpg
5,2006,Laser Scope,https://imgs.xkcd.com/comics/laser_scope.jpg
5,2006,Back to the Future,https://imgs.xkcd.com/comics/back_to_the_future.jpg
5,2006,Moral Relativity,https://imgs.xkcd.com/comics/moral_relativity.jpg
5,2006,Find You,https://imgs.xkcd.com/comics/find_you.jpg
5,2006,Parallel Universe,https://imgs.xkcd.com/comics/parallel_universe.jpg
5,2006,Wright Brothers,https://imgs.xkcd.com/comics/wright_brothers.png
5,2006,Snakes on a Plane! 2,https://imgs.xkcd.com/comics/snakes_on_a_plane_2.jpg
5,2006,M.C. Hammer Slide,https://imgs.xkcd.com/comics/mc_hammer_slide.png
5,2006,Spoiler Alert,https://imgs.xkcd.com/comics/spoiler_alert.png
6,2006,Clark Gable,https://imgs.xkcd.com/comics/clark_gable.jpg
6,2006,Firefox and Witchcraft - The Connection?,https://imgs.xkcd.com/comics/firefox_wicca.png
6,2006,Baring My Heart,https://imgs.xkcd.com/comics/baring_my_heart.png
6,2006,Riemann-Zeta,https://imgs.xkcd.com/comics/riemann-zeta.jpg
6,2006,Computational Linguists,https://imgs.xkcd.com/comics/computational_linguists.png
6,2006,Meerkat,https://imgs.xkcd.com/comics/meerkat.jpg
6,2006,City,https://imgs.xkcd.com/comics/city.jpg
6,2006,Pong,https://imgs.xkcd.com/comics/pong.png
6,2006,50 Ways,https://imgs.xkcd.com/comics/50_ways.png
6,2006,Worst Band Name Ever,https://imgs.xkcd.com/comics/hedgeclipper.jpg
6,2006,Dating Service,https://imgs.xkcd.com/comics/dating_service.png
6,2006,Balloon,https://imgs.xkcd.com/comics/balloon.png
6,2006,Quirky Girls,https://imgs.xkcd.com/comics/quirky_girls.png
7,2006,Centrifugal Force,https://imgs.xkcd.com/comics/centrifugal_force.png
7,2006,Blogofractal,https://imgs.xkcd.com/comics/blogofractal.png
7,2006,Marketing Interview,https://imgs.xkcd.com/comics/marketing_interview.png
7,2006,Red Spiders Cometh,https://imgs.xkcd.com/comics/red_spiders_cometh.jpg
7,2006,The Fast and the Furious,https://imgs.xkcd.com/comics/the_fast_and_the_furious.jpg
7,2006,dPain over dt,https://imgs.xkcd.com/comics/dPain_over_dt.png
7,2006,Content Protection,https://imgs.xkcd.com/comics/content_protection.png
7,2006,Julia Stiles,https://imgs.xkcd.com/comics/julia_stiles.jpg
7,2006,Fans,https://imgs.xkcd.com/comics/fans.png
7,2006,Music Knowledge,https://imgs.xkcd.com/comics/music_knowledge.png
7,2006,The Raven,https://imgs.xkcd.com/comics/the_raven.jpg
7,2006,Myspace,https://imgs.xkcd.com/comics/myspace.png
7,2006,Substitute,https://imgs.xkcd.com/comics/substitute.png
8,2006,Science Fair,https://imgs.xkcd.com/comics/science_fair.png
8,2006,Dreams,https://imgs.xkcd.com/comics/dreams.png
8,2006,Pointers,https://imgs.xkcd.com/comics/pointers.png
8,2006,I Have Owned Two Electric Skateboards,https://imgs.xkcd.com/comics/electric_skateboards.png
8,2006,Delicious,https://imgs.xkcd.com/comics/delicious.png
8,2006,Parody Week: Achewood,https://imgs.xkcd.com/comics/achewood.png
8,2006,Parody Week: Megatokyo,https://imgs.xkcd.com/comics/megaxkcd.png
8,2006,Parody Week: TFD and Natalie Dee,https://imgs.xkcd.com/comics/tfd_nataliedee.png
8,2006,Parody Week: A Softer World,https://imgs.xkcd.com/comics/a_softer_robot.jpg
8,2006,Parody Week: Dinosaur Comics,https://imgs.xkcd.com/comics/dinosaur_comics.png
8,2006,Join Myspace,https://imgs.xkcd.com/comics/join_myspace.png
8,2006,A Way So Familiar,https://imgs.xkcd.com/comics/a_way_so_familiar.png
8,2006,Mispronouncing,https://imgs.xkcd.com/comics/mispronouncing.png
8,2006,Sandwich,https://imgs.xkcd.com/comics/sandwich.png
8,2006,Grownups,https://imgs.xkcd.com/comics/grownups.png
9,2006,Mario,https://imgs.xkcd.com/comics/mario.png
9,2006,Hamster Ball,https://imgs.xkcd.com/comics/hamster_ball.png
9,2006,Cryptography,https://imgs.xkcd.com/comics/cryptography.png
9,2006,Beliefs,https://imgs.xkcd.com/comics/beliefs.jpg
9,2006,Search History,https://imgs.xkcd.com/comics/search_history.png
9,2006,Commented,https://imgs.xkcd.com/comics/commented.png
9,2006,Filler Art,https://imgs.xkcd.com/comics/filler_art.png
9,2006,Six Months,https://imgs.xkcd.com/comics/six_months.png
9,2006,Boombox,https://imgs.xkcd.com/comics/boombox.png
9,2006,Penny Arcade Parody,https://imgs.xkcd.com/comics/penny_arcade_parody.png
9,2006,Accident,https://imgs.xkcd.com/comics/accident.png
9,2006,Angular Momentum,https://imgs.xkcd.com/comics/angular_momentum.jpg
9,2006,Donald Knuth,https://imgs.xkcd.com/comics/donald_knuth.png
9,2006,Playing Devil's Advocate to Win,https://imgs.xkcd.com/comics/global_warming.png
10,2006,Turn Signals,https://imgs.xkcd.com/comics/turn_signals.png
10,2006,Misusing Slang,https://imgs.xkcd.com/comics/misusing_slang.png
10,2006,Nihilism,https://imgs.xkcd.com/comics/nihilism.png
10,2006,Reverse Euphemisms,https://imgs.xkcd.com/comics/reverse_euphemisms.png
10,2006,Words that End in GRY,https://imgs.xkcd.com/comics/words_that_end_in_gry.png
10,2006,Turn Back,https://imgs.xkcd.com/comics/turn_back.png
10,2006,String Theory,https://imgs.xkcd.com/comics/string_theory.png
10,2006,Skateboarding is Not a Crime,https://imgs.xkcd.com/comics/skateboarding_is_not_a_crime.png
10,2006,Movie Seating,https://imgs.xkcd.com/comics/movie_seating.png
10,2006,That's What SHE Said,https://imgs.xkcd.com/comics/thats_what_she_said.png
10,2006,Automatic Doors,https://imgs.xkcd.com/comics/automatic_doors.png
10,2006,Before Sunrise,https://imgs.xkcd.com/comics/before_sunrise.png
10,2006,Alice and Bob,https://imgs.xkcd.com/comics/alice_and_bob.png
11,2006,Not Really Into Pokemon,https://imgs.xkcd.com/comics/not_really_into_pokemon.png
11,2006,e to the pi times i,https://imgs.xkcd.com/comics/e_to_the_pi_times_i.png
11,2006,Canada,https://imgs.xkcd.com/comics/canada.png
